{"treatment": [103.04717079754431, 89.60015893759504, 107.50451195806457, 109.40564716391214, 80.48964811346164, 86.97820493137682, 101.27840403167285, 96.83757407656418, 99.83198842495712, 91.4695607242642, 108.79397974862829, 107.77791935428948, 100.66030697561216, 111.27241206968033, 104.67509342252046, 91.40707537116762, 103.68750784082499, 90.41117399171002, 108.78450301307272, 99.50074089013746, 98.15137636454739, 93.1907045559606, 112.2254133867403, 98.45470517931197, 95.71672177836892, 96.4786644951177, 105.32309185553349, 103.65444064364078, 104.12732611595989, 104.30821003007883], "control": [128.41647600870462, 102.93584983615385, 101.87757270928462, 98.86227271752122, 113.15979422575495, 118.28972292720891, 105.86052542345125, 98.59843523037472, 98.75518784308761, 113.50592787824701, 114.43254171203442, 112.43154268305194, 100.34490292711305, 109.3216132306672, 108.16685809140728, 109.18688596729012, 115.7142877794819, 109.23595548774682, 113.78913563071895, 107.67579069488892, 109.89119398689984, 113.3128822583854, 92.42844180144334, 103.80328783642699, 102.29627345707205, 100.61122151756658, 104.24857748773316, 121.94941311234396, 98.34168884306757, 116.6827835459148]}